handle,id,title
gds-dock-tablet,294921371798,GDS® Tablet Docks
tablet-mounts-holders,294681084054,Tablet Mounts & Holders
samsung-galaxy-tablet-mounts,294922649750,Samsung Galaxy Tablet Mounts
components,308772602006,RAM® Mount Parts & Components
gds-docks,307251445910,GDS® Docks™
eld-holders,294671548566,ELD Holders
all-products,301412155542,All Products
popular-components-holders,294677250198,Popular Components - Holders
material-handling-tablet,294922059926,Material Handling Tablet Holders & Docks
accessories,294668140694,RAM® Mount Accessories
gds-u1,308772569238,GDS® Uni-Conn™ Adapters for IntelliSkin®
tablet-mounts-accessories,294681018518,Tablet Mount Accessories
gds-accessories,307251413142,GDS® Accessories
gds-intelliskin,307251478678,IntelliSkin® with GDS® Tech™
gds-technology-intelliskin,294674694294,IntelliSkin® with GDS® Technology™
phone-and-tablet-intelliskin,294676922518,Phone & Tablet - IntelliSkin®
gds-skin-sam78,294674235542,"IntelliSkin® Next Gen for Samsung Tab S9 FE+, S8+, S7+ & S7 FE 12.4"""
samsung-intelliskin-with-gds,294922682518,IntelliSkin® with GDS® for Samsung
material-handling-holders,306630918294,Material Handling Device Holders & Docks
gds-skin-sam76,294674202774,"IntelliSkin® Next Gen for Samsung Tab S9 FE & S7 11"""
gds-dock-sam88,308000096406,GDS® Docks for Samsung Galaxy Tab A9+
gds-skin-sam88,308000194710,IntelliSkin® Next Gen for Samsung Galaxy Tab A9+
gds-keyboard-mounts,294673809558,GDS® Keyboard™ Mounts
material-handling-mounts,294921994390,Material Handling Universal Mounts
amps-backing-plates,294668632214,Accessories for AMPS Pattern Base Components
gds-skin-sam62-74-90,306630754454,"IntelliSkin® Next Gen for Samsung Tab Active5, Tab Active3 & Tab Active2"
phone-mounts-all,303897542806,Phone Mounts & Holders
samsung-galaxy-phone-mounts,294922616982,Samsung Galaxy Phone Mounts
phone-mounts-phone-holders,294677086358,Phone Mount Holders
smsung,298077716630,Smsung \\
xcover5-skin-docks,305962287254,RAM® Docks for XCover 5 with RAM® Skin™
honeywell-handheld-pc,294921470102,Honeywell Handheld Docks
vent2-docks,303245525142,Front Nozzle Vent-Temp™ Compatible Docks
tab-active2-active3-ram-docks,294680952982,"RAM® Holders and Docks for Samsung Tab Active5, Tab Active3 & Tab Active2"
tablet-mounts,305448485014,RAM® Mounts for Tablet Holders & Docks
gds-ap16-mounts,295717339286,GDS® Dock Mounts for iPad Pro 10.5 & Air 3
gds-sam62-ng-mounts,295720714390,"GDS® Dock Mounts for Samsung Tab Active5, Tab Active3 & Tab Active2"
gds-sam55-ng-mounts,295720616086,GDS® Dock Mounts for Samsung Tab A 8.0 (2019)
gds-ap15-mounts,295717240982,GDS® Dock Mounts for iPad 5th & 6th Gen
gds-sam43-mounts,295720321174,GDS® Dock Mounts for Samsung Tab A 10.5
gds-sam66-ng-mounts,295721140374,GDS® Dock Mounts for Samsung Tab A 10.5
gds-sam24-mounts,295719731350,GDS® Dock Mounts for Samsung Tab A 7.0
gds-sam27-mounts,295719829654,GDS® Dock Mounts for Samsung Tab S3 9.7
gds-sam35-mounts,295720026262,GDS® Dock Mounts for Samsung Tab A 8.0 (2017)
gds-sam67-ng-mounts,295721271446,GDS® Dock Mounts for Samsung Tab A 8.4
gds-sam41-mounts,295720222870,GDS® Dock Mounts for Samsung Tab S4 10.5
gds-ze21c-mounts,295723368598,"GDS® Dock Mounts for Zebra ET4x 10"" Tablet"
gds-sam20-mounts,295719403670,GDS® Dock Mounts for Samsung Tab E 9.6
gds-sam50-mounts,295720419478,GDS® Dock Mounts for Samsung Tab S5e & Tab A 10.1 (2019)
gds-ap37-ng-mounts,295645806742,"GDS® Dock Mounts for iPad Pro 12.9"" (IntelliSkin® Next Gen)"
gds-sam83-ng-mounts,295721894038,"GDS® Dock Mounts for Samsung Tab A8 10.5"""
gds-sam18-mounts,295719207062,GDS® Dock Mounts for Samsung Tab S2 8.0
gds-ap36-ng-mounts,295718092950,GDS® Dock Mounts for iPad mini 6
gds-ap32-ng-mounts,295717961878,"GDS® Dock Mounts for iPad Pro 11"", 10th Gen, Air 4 & Air 5"
gds-sam64-ng-mounts,295720910998,GDS® Dock Mounts for Samsung Tab E 8.0
gds-sam76-ng-mounts,295721468054,"GDS® Dock Mounts for Samsung Tab S9 FE & S7 11"""
gds-ze20c-mounts,295723204758,"GDS® Dock Mounts for Zebra ET4x 8"" Tablet"
gds-lg2-mounts,295718387862,GDS® Dock Mounts for LG G Pad F 8.0
gds-sam15-mounts,295718944918,GDS® Dock Mounts for Samsung Tab A 9.7
gds-sam75-ng-mounts,295721369750,GDS® Dock Mounts for Samsung Tab A7 10.4
gds-sam78-ng-mounts,295721599126,"GDS® Dock Mounts for Samsung Tab S9 FE+, S8+, S7+ & S7 FE 12.4"""
c-size-d-size-amps-mounts,294670598294,RAM® Universal Rugged Mounts
gds-ap27-mounts,295717699734,GDS® Dock Mounts for iPad mini 4 & 5
gds-sam40-mounts,295720124566,GDS® Dock Mounts for Samsung Tab A 8.0 (2018)
gds-sam19-mounts,295719305366,GDS® Dock Mounts for Samsung Tab S2 9.7
gds-sam65-ng-mounts,295721042070,GDS® Dock Mounts for Samsung Tab A 10.1
gds-sam23-mounts,295719600278,GDS® Dock Mounts for Samsung Tab A 10.1
gds-sam12-mounts,295718846614,GDS® Dock Mounts for Samsung Tab 4 8.0
gds-sam29-mounts,295719927958,GDS® Dock Mounts for Samsung Tab Active2
gds-sam80-ng-mounts,295721762966,GDS® Dock Mounts for Samsung Tab A7 Lite 8.7”
gds-sam54-ng-mounts,295720517782,GDS® Dock Mounts for Samsung Tab Active4 Pro & Tab Active Pro
gds-ap23-mounts,295717437590,"GDS® Dock Mounts for iPad Pro 11"""
gds-sam16-mounts,295719075990,GDS® Dock Mounts for Samsung Tab A 8.0 (2015)
gds-sam63-ng-mounts,295720812694,GDS® Dock Mounts for Samsung Tab A 8.0 (2018)
gds-ap24-mounts,295717601430,"GDS® Dock Mounts for iPad Pro 12.9"" (IntelliSkin® Next Gen)"
gds-sam21-mounts,295719501974,GDS® Dock Mounts for Samsung Tab E 8.0
material-handling-mounts-heavy-duty,306630819990,Material Handling Heavy Duty Mounts & Components
gds-sam88-ng-mounts,308000227478,GDS® Dock Mounts for Samsung Galaxy Tab A9+
gds-technology-gds-ergo,294674530454,GDS® Ergo™
apple-ipad-mounts,294920913046,Apple iPad Mounts
gds-dock-ap32,294672171158,"GDS® Docks for iPad Pro 11"", 10th Gen, Air 4 & Air 5 (IntelliSkin® Next Gen)"
apple-iphone-mounts,294920945814,Apple iPhone Mounts
winnebago-components,302775828630,Track Mount Components for Winnebago
airplane-holders,294668566678,RAM® Device Holders for Aviation
corporate-jet-holders,294921175190,RAM® Device Holders for Corporate Jets
gds-skin-phone-pd,295722385558,IntelliSkin® for Power Delivery Phones
apple-intelliskin-with-gds,294668697750,IntelliSkin® with GDS® for Apple iPad
zebra-rugged-pc,294922879126,Zebra Rugged PC Docks
ze25-accessories,302775894166,Zebra ET6x Accessories
material-handling-accessories,306630787222,Material Handling Mounting & Charging Accessories
car-truck-universal,303856386198,Car & Truck Universal Mounts
ice-fishing-camera,294675284118,Ice Fishing Camera Mounts
blogging-action-camera,294669484182,Blogging Action Camera Mounts
camera-mounts-complete-kits,294670139542,Camera Mounts
vehicle-camera-mounts,294682427542,Vehicle Camera Mounts
rv-motorhome-device-mounts,294922584214,RV & Motorhome Device Mounts
car-truck-all,303856550038,Car & Truck Mounts
top-solutions-camera-mounts,294681444502,Top Solutions - Camera Mounts
device-mounts-camera-mounts,294670860438,RAM® Camera Mounts
gopro,294921437334,GoPro Mounts
bronco-mounts-all,303897804950,Shop Ford Bronco Mounts
popular-components-b-size,294677151894,Popular Components - B Size
b-size-ball-base,294669746326,"B Size 1"" Ball Bases"
ram-tough-ball-b-size,294678888598,RAM® Tough-Ball™ B Size Components
tough-mirror-bases,302795096214,RAM® Tough-Mirror™ Bases
b-size-ball-plates,294669779094,"B Size 1"" Ball Components"
rv-motorhome-components,294680199318,RV & Motorhome Mounting Components
ball-bases-b-size,294669353110,"Ball Bases - B Size 1"" Ball"
camera-mounts-arms-bases,307632046230,Camera Mount Ball Components
car-truck-toyota-tundra,304134520982,RAM® Mounts for Toyota Tundra
zebra-handheld-pc,294922813590,Zebra Handheld PC Docks
phone-and-tablet-phone,294676955286,Phone & Tablet - Phone Mounts
garmin-handheld-gps,294921273494,Garmin GPS Mounts
top-solutions-phone-mounts,294681477270,Top Solutions - Phone Mounts
blogging-phone,294669549718,Blogging Phone Mounts
device-mounts-phone-mounts,294670958742,RAM® Phone Mounts
ram-x-grip-phone-mounts,294679380118,RAM® X-Grip® Phone Mounts
magellan,294921896086,Magellan Mounts
vehicle-phone-mounts,294682525846,Vehicle Phone Mounts
phone-mounts-complete-kits,294677020822,Phone Mount Complete Kits
sonim,294922715286,Sonim Holders & Docks
gps,307251511446,RAM® GPS Mounts & Components
zebra-printer,294922846358,Zebra Printer Holders
quick-grip,303358345366,RAM® Quick-Grip™ Mounts
motorcycle-all,303898165398,Motorcycle Mounts & Components
motorcycle-phone-mounts,294676496534,Motorcycle Phone Mounts
motorcycle-012,303280029846,RAM® Mounts for Suzuki V-Strom 1000 & 1050
motorcycle-079,303282323606,RAM® Mounts for Ducati Panigale Series
motorcycle-023,303280390294,RAM® Mounts for BMW HP4 Race
motorcycle-087,303282618518,RAM® Mounts for Suzuki Hayabusa & Suzuki GSX-R750 Series
motorcycle-086,303282552982,RAM® Mounts for Ducati Panigale V2 & V4 Series
motorcycle-005,303279734934,RAM® Mounts for Aprilia Tuono V4 & BMW F800R
motorcycle-013,303280062614,RAM® Mounts for Triumph Street Triple 675 Series
motorcycle-024,303280423062,RAM® Mounts for Moto Guzzi MGX-21 Flying Fortress
motorcycle-071,303282061462,RAM® Mounts for Triumph Street Triple 765 & BMW M1000R
motorcycle-041,303281012886,RAM® Mounts for Yamaha MT-10 Series
motorcycle-070,303282028694,RAM® Mounts for Yamaha XV1900 Star Eluder
motorcycle-088,303282651286,RAM® Mounts for Kawasaki Ninja H2 & ZX-14R Series
motorcycle-075,303282192534,"RAM® Mounts for Aprilia, Honda, Yamaha & More"
motorcycle-033,303280717974,RAM® Mounts for CFMoto 300SS
motorcycle-059,303281635478,RAM® Mounts for BMW F650
motorcycle-080,303282356374,RAM® Mounts for Aprilia RSV4 RF & Ducati 848
motorcycle-061,303281701014,RAM® Mounts for BMW R nineT Racer
gds-dock-ze20c,294673514646,"GDS® Docks™ for Zebra ET4x 8"" Tablets"
gds-dock-ze21c,294673547414,"GDS® Docks™ for Zebra ET4x 10"" Tablets"
tab-active-pro-ram-docks,294680985750,RAM® Holders and Docks for Samsung Tab Active Pro
gds-technology-gds-charge,294674432150,GDS® Charge™
eld-accessories,294671483030,ELD Charging Accessories
material-handling-components,294921928854,Material Handling Components
phone-and-tablet-gds-charging,294676889750,Phone & Tablet - GDS® Charge™
dc-chargers-9vdc,294670827670,DC Hardwire Chargers with 9VDC Output
gds-cables-chargers,307251380374,GDS® Chargers & Cables
gds-dock-ze2434,303397404822,"GDS® Docks for Zebra TC22, TC27, TC53 & TC58"
gds-dock-ze16,303397372054,GDS® Docks for Zebra EC50 & EC55
gds-dock-ze35,303397437590,GDS® Docks for Zebra TC73 & TC78
car-truck-accessories,303830499478,Car & Truck Accessories
car-truck-ford-f150,304039886998,RAM® Mounts for Ford F-150
car-truck-chevrolet-city-express,304131047574,RAM® Mounts for Chevrolet City Express
car-truck-dodge-grand-caravan,304131735702,RAM® Mounts for Dodge Grand Caravan
car-truck-ford-econoline-van,304131997846,RAM® Mounts for Ford Econoline Van
car-truck-chevrolet-silverado-3500,304131375254,RAM® Mounts for Chevrolet Silverado 3500
car-truck-dodge-charger,304131604630,RAM® Mounts for Dodge Charger (Non-Police)
car-truck-dodge-journey,304131768470,RAM® Mounts for Dodge Journey
car-truck-chevrolet-colorado,304131080342,RAM® Mounts for Chevrolet Colorado
car-truck-chevrolet-equinox,304131113110,RAM® Mounts for Chevrolet Equinox
car-truck-ford-f150-lightning,304132161686,RAM® Mounts for Ford F-150 Lightning
car-truck-ford-cmax,304131866774,RAM® Mounts for Ford C-Max
car-truck-ford-edge,304132030614,RAM® Mounts for Ford Edge
car-truck-ford-escape,304132063382,RAM® Mounts for Ford Escape
car-truck-chevrolet-w3500,304131473558,RAM® Mounts for Chevrolet W3500
car-truck-chevrolet-express-van,304131145878,RAM® Mounts for Chevrolet Express Van
car-truck-ford-explorer,304132128918,RAM® Mounts for Ford Explorer
car-truck-chrysler-300,304131539094,RAM® Mounts for Chrysler 300
car-truck-ford-expedition,304132096150,RAM® Mounts for Ford Expedition
car-truck-chevrolet-suburban,304131408022,RAM® Mounts for Chevrolet Suburban
car-truck-ford-f350,304132227222,RAM® Mounts for Ford F-350
car-truck-chevrolet-silverado-2500,304131342486,RAM® Mounts for Chevrolet Silverado 2500
car-truck-chevrolet-impala,304131211414,RAM® Mounts for Chevrolet Impala Police
car-truck-chevrolet-tahoe,304131440790,RAM® Mounts for Chevrolet Tahoe
car-truck-chevrolet-w4500,304131506326,RAM® Mounts for Chevrolet W4500
car-truck-chevrolet-silverado-1500,304131276950,RAM® Mounts for Chevrolet Silverado 1500
car-truck-dodge-durango,304131702934,RAM® Mounts for Dodge Durango
car-truck-dodge-charger-police,304131637398,RAM® Mounts for Dodge Charger (Police)
car-truck-ford-f250,304132194454,RAM® Mounts for Ford F-250
car-truck-chrysler-town-and-country,304131571862,RAM® Mounts for Chrysler Town and Country
car-truck-toyota-prius,304134357142,RAM® Mounts for Toyota Prius
car-truck-ford-f550,304132292758,RAM® Mounts for Ford F-550
car-truck-ford-flex,304132456598,RAM® Mounts for Ford Flex
car-truck-ram-5500,304134193302,RAM® Mounts for Ram 5500
car-truck-volvo,304134553750,RAM® Mounts for Volvo Trucks
car-truck-mercedes-sprinter-van,304133669014,RAM® Mounts for Mercedes Sprinter Van
car-truck-toyota-tacoma,304134488214,RAM® Mounts for Toyota Tacoma
car-truck-gmc-sierra-1500,304133013654,RAM® Mounts for GMC Sierra 1500
car-truck-gmc-terrain,304133111958,RAM® Mounts for GMC Terrain
car-truck-ram-4500,304134160534,RAM® Mounts for Ram 4500
car-truck-freightliner,304132849814,RAM® Mounts for Freightliner Trucks
car-truck-jeep-grand-cherokee,304133439638,RAM® Mounts for Jeep Grand Cherokee
car-truck-kenworth,304133570710,RAM® Mounts for Kenworth Trucks
car-truck-ford-raptor,304132718742,RAM® Mounts for Ford Raptor
car-truck-ford-f650,304132358294,RAM® Mounts for Ford F-650
car-truck-peterbilt,304133963926,RAM® Mounts for Peterbilt Trucks
car-truck-ram-promaster-city,304134291606,RAM® Mounts for Ram Promaster City
car-truck-isuzu-nqr,304133308566,RAM® Mounts for Isuzu NQR
car-truck-ford-focus,304132489366,RAM® Mounts for Ford Focus
car-truck-gmc-sierra-2500,304133046422,RAM® Mounts for GMC Sierra 2500
car-truck-ram-promaster,304134258838,RAM® Mounts for Ram Promaster
car-truck-ford-taurus,304132751510,RAM® Mounts for Ford Taurus
car-truck-nissan-nv2500hd,304133832854,RAM® Mounts for Nissan NV2500 HD
car-truck-toyota-rav4,304134422678,RAM® Mounts for Toyota RAV4
car-truck-ram-3500,304134094998,RAM® Mounts for Ram 3500
car-truck-nissan-nv1500,304133767318,RAM® Mounts for Nissan NV1500
car-truck-ford-interceptor-sedan,304132554902,RAM® Mounts for Ford Police Interceptor Sedan
car-truck-ford-transit-connect,304132817046,RAM® Mounts for Ford Transit Connect
car-truck-jeep-compass,304133374102,RAM® Mounts for Jeep Compass
car-truck-ram-2500,304134062230,RAM® Mounts for Ram 2500
car-truck-gmc-sierra-3500,304133079190,RAM® Mounts for GMC Sierra 3500
car-truck-nissan-nv200,304133800086,RAM® Mounts for Nissan NV200
car-truck-nissan-nv3500hd,304133865622,RAM® Mounts for Nissan NV3500 HD
car-truck-jeep-patriot,304133505174,RAM® Mounts for Jeep Patriot
car-truck-ford-ranger,304132620438,RAM® Mounts for Ford Ranger
car-truck-ford-f450,304132259990,RAM® Mounts for Ford F-450
car-truck-ford-fusion,304132522134,RAM® Mounts for Ford Fusion
car-truck-gmc-savana-van,304132980886,RAM® Mounts for GMC Savana Van
car-truck-mack,304133603478,RAM® Mounts for Mack Trucks
car-truck-ford-ranger-wildtrak,304132653206,RAM® Mounts for Ford Ranger Wildtrak
car-truck-ford-transit-cargo-van,304132784278,RAM® Mounts for Ford Transit Cargo Van
car-truck-ford-f750,304132391062,RAM® Mounts for Ford F-750
car-truck-mercedes-metris,304133636246,RAM® Mounts for Mercedes Metris
car-truck-ford-interceptor-utility,304132587670,RAM® Mounts for Ford Police Interceptor Utility
car-truck-gmc-yukon,304133210262,RAM® Mounts for GMC Yukon & Yukon XL
car-truck-gmc-gseries-van,304132948118,RAM® Mounts for GMC G-Series Van
car-truck-gmc-canyon,304132882582,RAM® Mounts for GMC Canyon
car-truck-ram-1500,304133996694,RAM® Mounts for Ram 1500
car-truck-isuzu-npr,304133275798,RAM® Mounts for Isuzu NPR
car-truck-nissan-frontier,304133734550,RAM® Mounts for Nissan Frontier (4x4)
car-truck-ram-1500-classic,304134029462,RAM® Mounts for Ram 1500 Classic
car-truck-nissan-xterra4x4,304133931158,RAM® Mounts for Nissan Xterra (4x4 Only)
car-truck-international,304133243030,RAM® Mounts for International Trucks
car-truck-toyota-4runner,304134324374,RAM® Mounts for Toyota 4Runner
car-truck-chevrolet-traverse,305448452246,RAM® Mounts for Chevrolet Traverse
car-truck-subaru-forester,307251347606,RAM® Mounts for Subaru Forester
car-truck-nissan-murano,307631489174,RAM® Mounts for Nissan Murano
top-solutions-tablet-mounts,294681510038,Top Solutions - Tablet Mounts
phone-and-tablet-tablet,294676988054,Phone & Tablet - Tablet Mounts
vehicle-tablet-mounts,294682558614,Vehicle Tablet Mounts
eld-bundles,294671515798,ELD Bundles
device-mounts-tablet-mounts,294671024278,RAM® Tablet Mounts
tablet-mounts-vehicle-mounts,294922780822,Tablet Vehicle Mounts
honeywell-tablet-pc,294921535638,Honeywell Tablet Docks
75-vesa-holders,296548302998,Docks and Holders with 75x75 VESA Pattern
tough-dock-components,294681706646,RAM® Tough-Dock™ Modular Components
tough-dock-components-type-c,294681772182,RAM® Tough-Dock™ Modular Components - USB Type-C
tough-dock-bottom-cup,303897510038,GDS® Tough-Dock™ Bottom Cups
gds-dock-sam54,294673023126,GDS® Docks for Samsung Tab Active4 Pro & Tab Active Pro
gds-dock-sam62,294673121430,"GDS® Docks for Samsung Tab Active5, Tab Active3 and Tab Active2"
gds-ap23-chargers,295717404822,"GDS® Chargers & Cables for iPad Pro 11"""
gds-sam43-chargers,295720288406,GDS® Chargers & Cables for Samsung Tab A 10.5
gds-sam66-ng-chargers,295721107606,GDS® Chargers & Cables for Samsung Tab A 10.5
gds-sam63-ng-chargers,295720779926,GDS® Chargers & Cables for Samsung Tab A 8.0 (2018)
gds-ap24-chargers,295717535894,"GDS® Chargers & Cables for iPad Pro 12.9"" (IntelliSkin® Next Gen)"
gds-sam67-ng-chargers,295721205910,GDS® Chargers & Cables for Samsung Tab A 8.4
gds-sam50-chargers,295720386710,GDS® Chargers & Cables for Samsung Tab S5e & Tab A 10.1 (2019)
gds-type-c-chargers,303144534166,USB Type-C Chargers for GDS® Docks™
gds-sam83-ng-chargers,295721861270,"GDS® Chargers & Cables for Samsung Tab A8 10.5"""
gds-sam41-chargers,295720190102,GDS® Chargers & Cables for Samsung Tab S4 10.5
dex-compatible-products,294671057046,Samsung DeX Compatible Products
gds-phone-pd-chargers,295718584470,GDS® Chargers & Cables for Phones with Power Delivery
gds-sam55-ng-chargers,295720583318,GDS® Chargers & Cables for Samsung Tab A 8.0 (2019)
gds-sam64-ng-chargers,295720878230,GDS® Chargers & Cables for Samsung Tab E 8.0
gds-ap36-ng-chargers,295718060182,GDS® Chargers & Cables for iPad mini 6
gds-ap32-ng-chargers,295717929110,"GDS® Chargers & Cables for iPad Pro 11"", 10th Gen, Air 4 & Air 5"
gds-sam29-chargers,295719895190,GDS® Chargers & Cables for Samsung Tab Active2
gds-ap37-ng-chargers,295645773974,"GDS® Chargers & Cables for iPad Pro 12.9"" (IntelliSkin® Next Gen)"
gds-sam62-ng-chargers,295720681622,"GDS® Chargers & Cables for Samsung Tab Active5, Tab Active3 & Tab Active2"
gds-sam76-ng-chargers,295721435286,"GDS® Chargers & Cables for Samsung Tab S9 FE & S7 11"""
gds-sam80-ng-chargers,295721730198,GDS® Chargers & Cables for Samsung Tab A7 Lite 8.7”
gds-phone-typec-chargers,295718682774,GDS® Chargers & Cables for USB Type-C Phones
gds-sam78-ng-chargers,295721566358,"GDS® Chargers & Cables for Samsung Tab S9 FE+, S8+, S7+ & S7 FE 12.4"""
gds-sam65-ng-chargers,295721009302,GDS® Chargers & Cables for Samsung Tab A 10.1
gds-sam54-ng-chargers,295720485014,GDS® Chargers & Cables for Samsung Tab Active4 Pro & Tab Active Pro
gds-ze16-chargers,303397568662,GDS® Chargers & Cables for Zebra EC50 & EC55
type-a-wall-chargers,294682067094,USB Type A Wall Chargers
type-c-chargers,294682165398,USB Type-C Chargers
gds-ze20c-chargers,295723171990,"GDS® Chargers & Cables for Zebra ET4x 8"" Tablet"
gds-ze21c-chargers,295723335830,"GDS® Chargers & Cables for Zebra ET4x 10"" Tablet"
wireless-charging-mounts-accessories,294682624150,Wireless Charging Accessories
type-c-wall-chargers,294682198166,USB Type-C Wall Chargers
power-delivery-chargers,300300107926,Power Delivery Chargers
gds-ze2434-chargers,303397634198,"GDS® Chargers & Cables for Zebra TC22, TC27, TC53 & TC58"
gds-ze35-chargers,303397699734,GDS® Chargers & Cables for Zebra TC73 & TC78
gds-sam84-chargers,305555832982,GDS® Chargers & Cables for XCover6 Pro
gds-sam88-ng-chargers,308000161942,GDS® Chargers & Cables for Samsung Galaxy Tab A9+
dc-chargers-12vdc,294670762134,DC Hardwire Chargers with 12VDC Output
gds-skin-ze2434,303397503126,"IntelliSkin® with GDS® for Zebra TC22, TC27, TC53 & TC58"
gds-skin-ze35,303397535894,IntelliSkin® with GDS® for Zebra TC73 & TC78
printer-components,294677446806,Printer Components
track-mounts,294681936022,RAM® Track Mounting Products
ram-tough-track-track-mounts,294922551446,RAM® Tough-Track™ Mounting Components
ram-dt-207-track-exa-29bu-rap-b-202-gop1-354-tra1u-rap-hol-un7b-354-tra1u-rap-b,304677453974,Gifts For Off-Roaders & Overlanders
ram-tough-claw-double-ball-mounts,294678986902,RAM® Tough-Claw™ Double Ball Mounts
tablet-mounts-universal-mounts,294681116822,Universal Mounts for Tablet Holders
gds-dock-tablet-mounts,294921404566,GDS® Tablet Dock Mounts
c-size-round-plate-mounts,294670663830,C Size Ball & Socket Mounts
material-handling-mounts-standard,306630852758,Material Handling Standard Mounts & Components
c-size-round-plate-mounts-1,308654932118,C Size Round Plate Mounts
gds-ze2434-mounts,303397666966,RAM® Mounts for Handheld PC GDS® Vehicle Docks
gds-ze16-mounts,303397601430,RAM® Mounts for Handheld PC GDS® Vehicle Docks
gds-ze35-mounts,303397732502,RAM® Mounts for Handheld PC GDS® Vehicle Docks
gds-sam84-mounts,305555865750,RAM® Mounts for GDS® Vehicle Phone Docks
c-size-diamond-plate-mounts,308654178454,C Size Diamond Plate Mounts
kyocera-mounts,294675710102,Double Ball Mounts
gds-phone-musb-mounts,295718518934,GDS® Dock Mounts for mUSB Phones
gds-phone-pd-mounts,295718617238,GDS® Dock Mounts for Phones with Power Delivery
gds-phone-typec-mounts,295718715542,GDS® Dock Mounts for USB Type-C Phones
b-size-diamond-mounts,294669811862,B Size Diamond Plate Mounts
phone-mounts-mounts,294677053590,Phone Mounts
gds-dock-phone-mounts,294921339030,GDS® Phone Dock Mounts
b-size-round-plate-mounts,294669910166,B Size Round Plate Mounts
popular-components-c-size,294677184662,Popular Components - C Size
adapter-plates,294668173462,RAM® Adapter Plates
tough-dock-latch,303897903254,GDS® Tough-Dock™ Top Latches
ram-tab-tite-and-tab-lock-holders,294678823062,RAM® Tab-Tite™ & Tab-Lock™ Holders
ram-tab-tite-and-tab-lock-end-cups,294678790294,RAM® Tab-Tite™ & Tab-Lock™ End Cups
car-truck-mazda-cx5,307251282070,RAM® Mounts for Mazda CX-5
bronco-mounts-dash-track,303897837718,Shop Ford Bronco Mounts for Dashboard
gds-dock-sam80,294673416342,GDS® Docks for Samsung Galaxy Tab A7 Lite 8.7”
ram-tough-claw-bases,294678954134,RAM® Tough-Claw™ Bases
dirt-bike-components,294671188118,Dirt Bike Mounting Components
yamaha-motorcycle,294682755222,Yamaha Motorcycle Mounts
diamond-plate-accessories,294671122582,Diamond Plate Accessories
mountain-bike-ram-tough-claw,294676594838,Mountain Bike RAM® Tough-Claw™ Mounts
snowmobile-phone,294680395926,Snowmobile Phone Mounts
aviation-sports-phone-mounts,294669287574,Aviation Sports Phone Mounts
road-bike-ram-tough-claw,294679969942,Road Bike RAM® Tough-Claw™ Mounts
atv-utv-phone-mounts,294669025430,ATV & UTV Phone Mounts
dirt-bike-phone-mounts,294671253654,Dirt Bike Phone Mounts
gds-sam75-ng-chargers,295721336982,GDS® Chargers & Cables for Samsung Tab A7 10.4
gds-sam40-chargers,295720091798,GDS® Chargers & Cables for Samsung Tab A 8.0 (2018)
b-size-holders,294669877398,"RAM® Holders with B Size 1"" Ball"
motorcycle-001,303245459606,RAM® Mounts for Kawasaki Z H2
motorcycle-047,303281209494,RAM® Mounts for Kawasaki Vulcan 900 Series
motorcycle-007,303279800470,"RAM® Mounts for Honda, Suzuki, Triumph, Indian & More"
motorcycle-030,303280619670,"RAM® Mounts for Kawasaki, KYMCO, Indian & More"
motorcycle-014,303280095382,RAM® Mounts for Honda Rebel Series
motorcycle-031,303280652438,RAM® Mounts for Kawasaki Z125 Pro
motorcycle-025,303280455830,RAM® Mounts for Kawasaki KLX230SM
motorcycle-022,303280357526,RAM® Mounts for Kawasaki Ninja 1000 Series
motorcycle-038,303280914582,"RAM® Mounts for Yamaha, Harley Davidson & More"
motorcycle-010,303279931542,"RAM® Mounts for Suzuki, Triumph, Moto Guzzi & More"
motorcycle-009,303279898774,"RAM® Mounts for CFMoto 300K, Ibex 800 S & Kawasaki Versys 650"
motorcycle-011,303279997078,RAM® Mounts for Honda Africa Twin Series
motorcycle-008,303279866006,RAM® Mounts for Husqvarna Norden 901
motorcycle-016,303280160918,"RAM® Mounts for Honda Interstate, Indian Chieftain, Roadmaster & More"
motorcycle-040,303280980118,RAM® Mounts for Ducati Multistrada 950 & 1260 Series
motorcycle-034,303280750742,RAM® Mounts for Ducati Scrambler Cafe Racer
motorcycle-032,303280685206,RAM® Mounts for CFMoto 450SS
motorcycle-021,303280324758,"RAM® Mounts for Moto Guzzi, Honda, Suzuki & More"
motorcycle-039,303280947350,"RAM® Mounts for Ducati, Yamaha, Moto Morini & More"
motorcycle-048,303281242262,RAM® Mounts for Kawasaki
motorcycle-044,303281111190,"RAM® Mounts for Yamaha, Royal Enfield & Ducati"
motorcycle-046,303281176726,RAM® Mounts for Kawasaki Versys-X 300 & Vulcan 2000
motorcycle-017,303280193686,RAM® Mounts for CFMoto 700CL-X Sport
motorcycle-049,303281275030,RAM® Mounts for Kawasaki Vulcan 1700 Voyager ABS VN1700B
motorcycle-095,303282880662,RAM® Mounts for Harley Davidson Livewire & Select Sportster Models
motorcycle-089,303282684054,RAM® Mounts for Harley Davidson & BMW
motorcycle-081,303282389142,RAM® Mounts for Kawasaki Ninja 250R
motorcycle-073,303282126998,RAM® Mounts for CFMoto 650i & Kawasaki Ninja ZX-6R ZX636 KRT
motorcycle-091,303282749590,RAM® Mounts for Harley Davidson Electra Glide
motorcycle-093,303282815126,RAM® Mounts for Harley Davidson Night Rod Special & Softail FXDR
motorcycle-074,303282159766,"RAM® Mounts for BMW, Kawasaki & More"
motorcycle-069,303281995926,"RAM® Mounts for BMW, Triumph, Ducati & More"
motorcycle-083,303282454678,RAM® Mounts for Honda CBR650R & CBR1000RR Series
motorcycle-057,303281569942,"RAM® Mounts for BMW R nineT, S1000R & More"
motorcycle-064,303281799318,"RAM® Mounts for Ducati Streetfighter, XDiavel & More"
motorcycle-068,303281930390,RAM® Mounts for Kawasaki Ninja 650 Series
motorcycle-058,303281602710,"RAM® Mounts for BMW R1200GS, R1250GS, S1000XR & More"
motorcycle-063,303281766550,RAM® Mounts for Ducati Diavel Series & Monster 1200 R
motorcycle-094,303282847894,RAM® Mounts for Harley Davidson Softail Deluxe
motorcycle-082,303282421910,"RAM® Mounts for Honda, Ducati, Triumph & More"
motorcycle-066,303281864854,"RAM® Mounts for Triumph, Yamaha, Suzuki & More"
motorcycle-084,303282487446,RAM® Mounts for BMW R1250RS
motorcycle-067,303281897622,RAM® Mounts for Kawasaki Ninja 300 Series
motorcycle-090,303282716822,RAM® Mounts for Harley Davidson Road Glide & Softail Fat Boy
motorcycle-056,303281537174,RAM® Mounts for BMW F850GS Series
motorcycle-085,303282520214,RAM® Mounts for BMW R1200RS
motorcycle-092,303282782358,RAM® Mounts for Harley Davidson V-Rod Muscle
motorcycle-076,303282225302,RAM® Mounts for Kawasaki Ninja 400 Series
gps-components,294675021974,GPS Components
motorcycle-015,303280128150,RAM® Mounts for KTM 1290 Super Adventure
motorcycle-036,303280816278,"RAM® Mounts for BMW, Yamaha & More"
motorcycle-004,303279702166,"RAM® Mounts for Aprilia, BMW, Moto Guzzi & More"
motorcycle-027,303280521366,"RAM® Mounts for Kawasaki, Husqvarna, Indian & More"
motorcycle-026,303280488598,RAM® Mounts for KTM 1290 Super Adventure S & T Series
motorcycle-006,303279767702,RAM® Mounts for Suzuki GSX-S750 & Benelli Leoncino 500
motorcycle-045,303281143958,RAM® Mounts for Royal Enfield Himalayan
motorcycle-050,303281307798,RAM® Mounts for Kawasaki Vulcan S Series
motorcycle-029,303280586902,RAM® Mounts for Kawasaki Z400 ABS
motorcycle-002,303279636630,"RAM® Mounts for KTM, CFMoto, Kawasaki & More"
motorcycle-028,303280554134,RAM® Mounts for Suzuki V-Strom 650
motorcycle-051,303281373334,RAM® Mounts for Kawasaki Vulcan 900 Series
motorcycle-035,303280783510,"RAM® Mounts for Royal Enfield, Zero, Yamaha & More"
motorcycle-053,303281438870,RAM® Mounts for BMW F750GS
motorcycle-037,303280849046,RAM® Mounts for Multistrada 1200 Series
motorcycle-054,303281471638,RAM® Mounts for BMW F700GS
motorcycle-003,303279669398,RAM® Mounts for CFMoto 700CL-X
motorcycle-052,303281406102,RAM® Mounts for BMW F650 SE & GS Series
motorcycle-065,303281832086,RAM® Mounts for Yamaha FZ1
motorcycle-055,303281504406,RAM® Mounts for BMW R1200R Series
motorcycle-062,303281733782,RAM® Mounts for Honda Ruckus 50 NPS50
motorcycle-072,303282094230,RAM® Mounts for BMW K1600GTL & Can-Am Spyder RT
motorcycle-096,303342223510,RAM® Mounts for Indian Scout Rogue Sixty
motorcycle-078,303282290838,RAM® Mounts for Honda Gold Wing Series
tough-mirror-mirrors,302795161750,RAM® Tough-Mirror™ Mirrors
motorcycle-accessories,303898132630,Motorcycle Accessories
holiday-two-wheel,298553376918,Gifts For Two-Wheeled Thrill-Seekers
tough-mirror-kits,302795128982,RAM® Tough-Mirror™ Kits
motorcycle-043,303281078422,RAM® Mounts for BMW & Yamaha
motorcycle-042,303281045654,RAM® Mounts for Yamaha Majesty 400 YP400
motorcycle-060,303281668246,RAM® Mounts for BMW K1300R
motorcycle-020,303280291990,RAM® Mounts for BMW K1200GT
motorcycle-018,303280226454,RAM® Mounts for BMW & Husqvarna
motorcycle-019,303280259222,"RAM® Mounts for Suzuki Burgman, Honda Metropolitan & More"
xcover6-pro-skin-docks,302382514326,RAM® Holders and Docks for XCover6 Pro with RAM® Skin™
gds-dock-phone,294921306262,GDS® Phone Docks
gds-dock-sam84,302720417942,GDS® Docks for Samsung XCover6 Pro
gds-ergo-hs4,305116381334,GDS® Ergo™ for IntelliSkin® Phones
gds-sam84-accessories,305555800214,GDS® Ergo™ for IntelliSkin® Phones
atv-utv-components,294668927126,ATV & UTV Mounting Components
tough-mirror-accessories,302795030678,RAM® Tough-Mirror™ Accessories
getac,302206320790,Getac Holders & Powered Docks
temp-right-accessories,302720549014,RAM® Temp-Right™ Chargers & Cables
kayak-phone-mounts,294921765014,Kayak Phone Mounts
jeep-track-mounts,294675480726,Jeep Track Mounts
ford-track-mounts,302720385174,Ford Track Mounts
dash-track-mounts,294670729366,Dashboard Track Mounts
winnebago-kits,302775861398,Track Mount Kits for Winnebago
under-cabinet-ram-tough-track,294682296470,Under Cabinet - RAM® Tough-Track™
agriculture-ram-tough-track,294668304534,RAM® Tough-Track™ Products for Agriculture
rv-motorhome-ram-tough-track,294680232086,RAM® Tough-Track™ Products for RV & Motorhome
kayak-tough-track,294675611798,Kayak RAM® Tough-Track™ Products
tough-track,294681804950,RAM® Tough-Track™ Products
ram-tough-track-modular-aluminum,294679150742,RAM® Tough-Track™ - Modular Aluminum
ford-track,302720352406,Ford Track Mounting Base
kayak-tablet-mounts,294921797782,Kayak Tablet Mounts
kayak-gps-mounts,294921732246,Kayak GPS Mounts
corporate-jet-mounts,294670368918,Corporate Jet Mounts
airplane-mounts,294668599446,RAM® Universal Mounts for Aviation
otterbox-hardline,302206353558,OtterBox Hardline Series Mounts
powerboat-accessories,294677315734,Powerboat Accessories
3-hole-small-accessories,294667878550,Accessories with 3-Hole Pattern (Small)
gds-skin-sam54,295723040918,IntelliSkin® Next Gen for Samsung Tab Active4 Pro & Tab Active Pro
gds-sam54-ng-accessories,295720452246,GDS® Accessories for Samsung Tab Active4 Pro & Tab Active Pro
gds-sam66-ng-accessories,295721074838,GDS® Accessories for Samsung Tab A 10.5
gds-sam65-ng-accessories,295720943766,GDS® Accessories for Samsung Tab A 10.1
gds-sam67-ng-accessories,295721173142,GDS® Accessories for Samsung Tab A 8.4
gds-sam76-ng-accessories,295721402518,"GDS® Accessories for Samsung Tab S9 FE & S7 11"""
gds-ap32-ng-accessories,295717896342,"GDS® Accessories for iPad Pro 11"", 10th Gen, Air 4 & Air 5"
gds-ap37-ng-accessories,295645675670,"GDS® Accessories for iPad Pro 12.9"" (IntelliSkin® Next Gen)"
gds-sam62-ng-accessories,295720648854,"GDS® Accessories for Samsung Tab Active5, Tab Active3 & Tab Active2"
gds-sam80-ng-accessories,295721664662,GDS® Accessories for Samsung Tab A7 Lite 8.7”
gds-sam75-ng-accessories,295721304214,GDS® Accessories for Samsung Tab A7 10.4
gds-sam78-ng-accessories,295721533590,"GDS® Accessories for Samsung Tab S9 FE+, S8+, S7+ & S7 FE 12.4"""
gds-sam55-ng-accessories,295720550550,GDS® Accessories for Samsung Tab A 8.0 (2019)
gds-sam63-ng-accessories,295720747158,GDS® Accessories for Samsung Tab A 8.0 (2018)
gds-sam83-ng-accessories,295721828502,"GDS® Accessories for Samsung Tab A8 10.5"""
gds-sam88-ng-accessories,308000129174,GDS® Accessories for Samsung Galaxy Tab A9+
temp-control-ze20-ze21,300683460758,RAM® Temp Control Accessories for Zebra ET4x Docks
temp-control-sam58-sam60,300683427990,RAM® Temp Control Accessories for Samsung Tab Active5 & Tab Active3 Docks
temp-control-ze22,300683493526,RAM® Temp Control Accessories for Zebra ET8x Docks
75-vesa-ball-plates,294667944086,75x75mm VESA Plate Adapters
wireless-charging-mounts-tough-charge,294682689686,RAM® Tough-Charge™ Products
helicopter-phone-mounts,294675218582,Helicopter Phone Mounts
phone-mounts-wireless-chargers,294677119126,Phone Mount Wireless Chargers
jeep-components,294675415190,Jeep Track Mounting Components
ford-components,302720319638,Ford Track Mounting Components
gds-phone-pd-accessories,295718551702,GDS® Ergo™ Accessories for Phones with Power Delivery
gds-ap24-accessories,295717470358,"GDS® Ergo™ Accessories for iPad Pro 12.9"" (IntelliSkin® Next Gen)"
gds-technology-gds-hub,294674563222,GDS® Hub™
gds-ap23-accessories,295717372054,"GDS® Ergo™ Accessories for iPad Pro 11"""
gds-ze21c-accessories,295723237526,"GDS® Ergo™ Accessories for Zebra ET4x 10"" Tablet"
gds-ze20c-accessories,295723106454,"GDS® Ergo™ Accessories for Zebra ET4x 8"" Tablet"
gds-phone-typec-accessories,295718650006,GDS® Ergo™ Accessories for USB Type-C Phones
b-size-wheelchair-bases,294669975702,B Size Wheelchair Bases
track-bases,294681870486,RAM® Track Base Components
ram-flex-rod,294678036630,RAM® Flex-Rod™ Components
accessibility-wheelchair-mounts,294668075158,Wheelchair Mounts & Components
vent2,303245492374,RAM® Vent-Temp™ Front Nozzle
panasonic-tablet,294922289302,Panasonic Tablet Docks
pan16-accessories,299087560854,RAM® Ergonomic Accessories for Panasonic FZ-A3
temp-control-ge3,302720483478,RAM® Temp Control Accessories for Getac ZX70
temp-control-ge4,302720516246,RAM® Temp Control Accessories for Getac ZX10
gds-dock-sam40,294672892054,GDS® Docks for Samsung Galaxy Tab A 8.0 (2018)
wireless-charging-mounts-quick-grip,294682656918,RAM® Quick Grip™ Wireless Products
gds-dock-sam75,294673318038,GDS® Docks for Samsung Galaxy Tab A7 10.4
gds-dock-sam63,294673154198,GDS® Docks for Samsung Tab A 8.0 (2018) (IntelliSkin® Next Gen)
gds-dock-sam55,294673088662,GDS® Docks for Samsung Tab A 8.0 (2019)
tough-dock-bodies,303897870486,GDS® Tough-Dock™ Bodies
gds-skin-ap32,294673842326,"IntelliSkin® Next Gen for iPad Pro 11"", 10th Gen, Air 4 & Air 5"
device-mounts-gps-mounts,294670893206,RAM® GPS Mounts
ram-snap-link,294678593686,RAM® Snap-Link™ Components
vehicle-gps-mounts,294682460310,Vehicle GPS Mounts
3-hole-large-ball-plates,294667813014,Ball Plates with 3-Hole Pattern (Large)
microsoft-surface-mounts,295145963670,Microsoft Surface Mounts
ram-x-grip-tablet-mounts,294679412886,RAM® X-Grip® Tablet Mounts
gds-view-universal-mounts,294674923670,GDS® View™ Universal Mounts
75-vesa-mounts,294667976854,75x75mm VESA Mounts
ze21-accessories,298922737814,"Ergo Accessories for Zebra ET4x 10"""
ze20-accessories,298922705046,"Ergo Accessories for Zebra ET4x 8"""
gds-ergo-et4x-8,303193522326,"GDS® Ergo™ Accessories for Zebra ET4x 8"""
eld-vehicle-mounts,294671614102,ELD RAM® No-Drill™ Mounts
eld-universal-mounts,294671581334,ELD Universal Mounts
amps-bases,294668664982,RAM® Mount Bases with AMPS Hole Pattern
otterbox-universe-phone,294922125462,OtterBox uniVERSE Phone Mounts
c-size-ball-bases,294670532758,"C Size 1.5"" Ball Bases"
ball-bases-c-size,294669385878,"Ball Bases - C Size 1.5"" Ball"
laptop-mounts-full-kits,294675841174,Laptop Mount Kits
device-mounts-laptop-mounts,294670925974,RAM® Laptop Mounts
no-drill-mounts,294676660374,RAM® No-Drill™ Vehicle Mounts
laptop-mounts-bases,294921863318,No-Drill™ Vehicle Bases
ram-no-drill-bases,294678266006,RAM® No-Drill™ Bases
ram-tough-claw-low-profile-mounts,294679019670,RAM® Tough-Claw™ Low Profile Mounts
keyboard-display-brackets,294675644566,Keyboard Display Brackets
tab-lock-accessories,294681149590,RAM® Tab-Lock™ Accessories
tab-tite-accessories,294681215126,RAM® Tab-Tite™ Accessories
tough-case-large,294681641110,RAM® Tough-Case™ for Large Tablets
gds-dock-sam15,294672531606,GDS® Docks for Samsung Tab A 9.7
nfc-repeaters,298974314646,RAM® NFC Extender Accessories
popular-components-d-size,294677217430,Popular Components - D Size
upper-poles,294682394774,RAM® Upper Poles
tele-pole-8,294681346198,"RAM® Tele-Pole™ Mounts with 8"" Upper Pole"
75-vesa-mounts-d-size,302720876694,D Size 75x75mm VESA Mounts
tele-pole-89,294681378966,"RAM® Tele-Pole™ Mounts with 9"" Lower and 8"" Upper Poles"
rv-motorhome-accessories,294680166550,RV & Motorhome Accessories
suction-cup-accessories,294680854678,RAM® Suction Cup Accessories
phone-mounts-accessories,303897477270,Phone Mount Accessories
pan16-docks,296014250134,Powered Docks for Panasonic FZ-A3
dc-chargers-16vdc,296014151830,DC Hardwire Chargers with 16VDC Output
gds-ap15-accessories,295717175446,GDS® Ergo™ Accessories for iPad 5th & 6th Gen
gds-sam24-accessories,295719633046,GDS® Ergo™ Accessories for Samsung Tab A 7.0
gds-sam41-accessories,295720157334,GDS® Ergo™ Accessories for Samsung Tab S4 10.5
gds-sam12-accessories,295718748310,GDS® Ergo™ Accessories for Samsung Tab 4 8.0
gds-ap27-accessories,295717634198,GDS® Ergo™ Accessories for iPad mini 4 & 5
gds-sam23-accessories,295719534742,GDS® Ergo™ Accessories for Samsung Tab A 10.1
gds-sam15-accessories,295718879382,GDS® Ergo™ Accessories for Samsung Tab A 9.7
gds-sam35-accessories,295719960726,GDS® Ergo™ Accessories for Samsung Tab A 8.0 (2017)
gds-sam64-ng-accessories,295720845462,GDS® Ergo™ Accessories for Samsung Tab E 8.0
gds-ergo,294673580182,GDS® Ergo™ Accessories
gds-sam19-accessories,295719239830,GDS® Ergo™ Accessories for Samsung Tab S2 9.7
gds-sam29-accessories,295719862422,GDS® Ergo™ Accessories for Samsung Tab Active2
gds-sam20-accessories,295719338134,GDS® Ergo™ Accessories for Samsung Tab E 9.6
gds-ap16-accessories,295717273750,GDS® Ergo™ Accessories for iPad Pro 10.5 & Air 3
gds-sam27-accessories,295719764118,GDS® Ergo™ Accessories for Samsung Tab S3 9.7
gds-sam50-accessories,295720353942,GDS® Ergo™ Accessories for Samsung Tab S5e & Tab A 10.1 (2019)
gds-sam16-accessories,295719010454,GDS® Ergo™ Accessories for Samsung Tab A 8.0 (2015)
gds-lg2-accessories,295718322326,GDS® Ergo™ Accessories for LG G Pad F 8.0
gds-ap36-ng-accessories,295718027414,GDS® Ergo™ Accessories for iPad mini 6
gds-sam18-accessories,295719108758,GDS® Ergo™ Accessories for Samsung Tab S2 8.0
202-pan16-accessories,296014119062,Accessories for Panasonic FZ-A3 Mounting Plate
gds-sam43-accessories,295720255638,GDS® Ergo™ Accessories for Samsung Tab A 10.5
gds-sam21-accessories,295719436438,GDS® Ergo™ Accessories for Samsung Tab E 8.0
gds-sam40-accessories,295720059030,GDS® Ergo™ Accessories for Samsung Tab A 8.0 (2018)
ram-x-grip-accessories,294679347350,RAM® X-Grip® Accessories
x-grip-caps,294682722454,RAM® X-Grip® Caps
holiday-ram-fans,298553344150,Gifts For RAM Fans
ram-tough-track-end-loading-composite,294679085206,RAM® Tough-Track™ - End-Loading Composite
ram-tough-track-top-loading-composite,294679183510,RAM® Tough-Track™ - Top-Loading Composite
powerboat-components,294677348502,Powerboat Components
rap-s-knob-vb-109-1u,294679642262,RAM® Pin-Lock™ Security Kit for Double Swing Arms on RAM® Vehicle Kits
locking-knobs-c-size,294676070550,Locking Knobs for C Size Socket Arms
rap-s-knob-316hd,294679609494,RAM® Pin-Lock™ Security Kit for RAM® Pod HD™
snap-link-components,294680264854,RAM® Snap-Link™ Components
ram-tough-wedge-phone-mounts,294679249046,RAM® Tough-Wedge™ Phone Mounts
ram-tough-wedge-universal-mounts,294679281814,RAM® Tough-Wedge™ Products
bond-a-base-components,294669615254,RAM® Mounting Bases for Bond-A-Base™
road-bike-ram-ez-strap,294679904406,Road Bike RAM® EZ-Strap™ Mounts
snowmobile-gps,294680363158,Snowmobile GPS Mounts
mountain-bike-ram-ez-strap,294676562070,Mountain Bike RAM® EZ-Strap™ Mounts
track-exa-cc,294681903254,RAM® Modular Aluminum Tough-Track™ Connectors
bt-keyboard-holders,294670008470,Holders for RAM® Bluetooth Keyboard
ram-lil-buddy-phone-mounts,294678233238,RAM® Lil Buddy™ Phone Mounts
ram-109hv-1-accessories,294677676182,RAM® Accessories for Pedestal Double Swing Arm Mounts
marine-swing-arms,294676201622,Marine Swing Arm Components
ram-lil-buddy-gps-mounts,294678200470,RAM® Lil Buddy™ GPS Mounts
locking-knobs-b-size,294676037782,Locking Knobs for B Size Socket Arms
agriculture-d-size,294668271766,RAM® D Size Components for Agriculture
d-size-knob-accessories,294671417494,RAM® Accessories for D Size Knobs
pvc-pipe-components,294677479574,PVC Pipe Components
pvc-sockets,294677577878,RAM® PVC Pipe Socket Components
pvc-pipes,294677512342,RAM® PVC Pipes
swing-arm-locking-knobs,294680887446,RAM® Swing Arm Locking Knobs
rap-s-knob-vb-109u,294679707798,RAM® Pin-Lock™ Security Kit for Single Swing Arms on RAM® Vehicle Kits
console-filler-plates,294921076886,Console Filler Plates
agriculture-c-size,294668238998,RAM® C Size Components for Agriculture
agriculture-b-size,294668206230,RAM® B Size Components for Agriculture
mountain-bike-ram-tough-strap,294676627606,Mountain Bike RAM® Tough-Strap™ Mounts
aviation-sports-camera-mounts,294669254806,Aviation Sports Camera Mounts
snowmobile-camera,294680330390,Snowmobile Camera Mounts
road-bike-ram-tough-strap,294680002710,Road Bike RAM® Tough-Strap™ Mounts
atv-utv-drink-cup-holders,294668959894,ATV & UTV Cup Holder Mounts
paddleboard,294676824214,Paddleboard Mounting Products
ram-pin-lock,294678364310,RAM® Pin-Lock™ Components
octagon-button,294676725910,Octagon Button Adapter Components
atv-utv-gps-mounts,294668992662,ATV & UTV GPS Mounts
motorcycle-gps-mounts,294676463766,Motorcycle GPS Mounts
dirt-bike-gps-mounts,294671220886,Dirt Bike GPS Mounts
apple-magsafe-mounts,294668730518,RAM® Mounts for Apple MagSafe
wireless-charging-mounts-magsafe,299470815382,Wireless Charging Mounts - Apple MagSafe
b-size-arms-with-base,294669648022,B Size Socket Arms with Ball Base
ram-109hv-accessories,294677708950,RAM® Accessories for Pedestal Swing Arm Mounts
kayak-components,294921633942,Kayak Mounting Components
yamaha-waverunner,294682820758,Yamaha WaveRunner Mounts
b-size-track-products,294669942934,RAM® Light Duty Track Mount Products
holiday-on-water,298553311382,Gifts For On-Water Enthusiasts
under-cabinet-components,294682263702,Under Cabinet Mounting Components
camera-mounts-ball-adapters,294670106774,Camera Mount Ball Adapters
dirt-bike-camera-mounts,294671155350,Dirt Bike Camera Mounts
atv-utv-camera-mounts,294668894358,ATV & UTV Camera Mounts
gopro-mounting-bases,294674989206,RAM® Mounting Options for GoPro Mounting Bases
drill-down-diamond-bases,294671286422,Drill-Down Diamond Ball Bases
accessibility-desk-table-mounts,294668042390,Desk/Table Mounts and Components
powerboat-gps-mounts,294922387606,GPS Mounts for Boats
otterbox-venture-cooler-mounts,294922190998,OtterBox Venture Cooler Mounts
spot,294922748054,SPOT Holders
toyota-aap,304363634838,Shop Mounts in the Toyota AAP Program
ram-stubby-universal,294678691990,RAM® Stubby™ Products
powerboat-phone-mounts,294922420374,Phone Mounts for Boats
flex-arm-receiver-components,294671777942,RAM® Flex Arm Receiver Components
spline-posts,294680756374,RAM® Spline Post Components
wheelchair-spline-posts,294682591382,RAM® Spline Post Components for Wheelchairs
lower-pole-accessories,294676103318,Lower Pole Accessories
b-size-double-socket-arms,294669844630,B Size Double Socket Arms
socket-arms-b-size,294680494230,B Size Double Socket Arms
tough-mirror-arms,302795063446,RAM® Tough-Mirror™ Arms
ram-stubby-phone-mounts,294678659222,RAM® Stubby™ Phone Mounts
inflatable,294675382422,Inflatable Raft Mounting Bases
helicopter-camera-mounts,294675153046,Helicopter Camera Mounts
powerboat-tablet-mounts,294922453142,Tablet Mounts for Boats
kayak-camera-mounts,294921601174,Kayak Camera Mounts
yamaha-recdeck,294682787990,Yamaha RecDeck Mounts
track-ball-bases,294681837718,RAM® Track Ball™ Bases
vehicle-lighting-mounts,294682493078,Vehicle Lighting Mounts
torque-large-accessories,294681542806,RAM® Large Torque™ Ball Adapters
honeywell-scanner,294921502870,Honeywell Scanner Holders
ram-rod-adapters,294678429846,RAM ROD® Adapters
kayak-fishfinder-mounts,294921699478,Kayak Fishfinder Mounts
octagon-composite-socket,294676791446,RAM® Socket Arms with Octagon Button Adapter
blogging-photo-accessories,294669582486,Blogging Photo Accessories
corporate-jet-accessories,294670303382,Corporate Jet Accessories
airplane-accessories,294668402838,RAM® Accessories for Aviation
ram-tough-pole,294679052438,RAM® Tough-Pole™ Products
camera-mounts-tough-pole,294670172310,Camera Mount RAM® Tough-Pole™ Products
b-size-arms-with-round-plate,294669713558,B Size Socket Arms with Round Plate
ice-fishing-fishfinders,294675316886,Ice Fishing Fishfinder Mounts
powerboat-fishfinder-mounts,294677381270,Powerboat Fishfinder Mounts
ram-rod-bases,294678462614,RAM ROD® Bases
spline-bases,294680690838,RAM® Post/Spline Bases
kayak-drink-mounts,294921666710,Kayak Drink Mounts
powerboat-drink-mounts,294922354838,Drink Mounts for Boats
powerboat-fishing-rod-holders,294677414038,Powerboat Rod Holder Mounts
ice-fishing-rod-holder,294675349654,Ice Fishing Rod Holder Mounts
kayak-fishing-rod-holders,294675579030,Kayak Fishing Rod Holders
kayak-accessories,294675513494,Kayak Accessories
powerboat-camera-mounts,294922322070,Camera Mounts for Boats
otterbox-hardline-series-mounts,302172536982,OtterBox Hardline Series Mounts
rap-407-pumpu,294679543958,RAM® Tough-Wedge™ Expansion Pouch Accessory
ram-rod-holders,294678528150,RAM ROD® Holders
garmin-fishfinder-boat,294921207958,Garrmin Fishfinder Boat Mounts
garmin-fishfinder-kayak,294921240726,Garrmin Fishfinder Kayak Mounts
rap-aapr-wct,294679576726,RAM® Universal Wheelchair Base with Quick Release & Swivel Feature
composite-ratchet-female,294670270614,Composite Ratchet Components
ram-stack-n-stow,294678626454,RAM® Stack-N-Stow™ Products
stack-n-stow-accessories,294680821910,RAM® Stack-N-Stow™ Accessories
zebra-scanner,294922911894,Zebra Scanner Holders
rod-holder-socket-arms,294680101014,RAM® Fishing Rod Holders with Socket Arm
accessibility-bedside-mounts,294668009622,Bedside Mounts
c-size-wheelchair-bases,294670696598,"C Size 1.5"" Ball Bases for Wheelchairs"
microsoft-adaptive-controller,294676332694,Microsoft Adaptive Controller Mounts
accessibility-xbox-adaptive-controller,294668107926,XBox Adaptive Controller Mounts
ram-tough-ball-c-size,294678921366,RAM® Tough-Ball™ C Size Components
stack-n-stow,294680789142,RAM® Stack-N-Stow™
rap-406u,294679511190,RAM® Leash Cup
atv-utv-tablet-mounts,294669058198,ATV & UTV Tablet Mounts
3-hole-large-accessories,294667780246,Accessories for 3-Hole Pattern (Large) Components
octagon-composite,294676758678,Octagon Button Components
mountain-bike-ram-ez-on-off,294676529302,Mountain Bike RAM® EZ-On/Off™ Mounts
road-bike-ram-ez-on-off,294679871638,Road Bike RAM® EZ-On/Off™ Mounts
rap-350-35bu,294679478422,"RAM® Black 3.5"" Adhesive Plate for Suction Cups"
aqua-box-pro-accessories,294668763286,RAM® Aqua Box® Pro Accessories
c-size-double-socket-arms,294670565526,C Size Double Socket Arms
socket-arms-c-size,294680559766,Socket Arms - C Size
c-size-arms-fishfinders,294670401686,C Size Socket Arms for Fishfinders
composite-ratchet-arms,294670237846,Composite Ratchet Arms
ram-rod-extension-arms,294922485910,RAM ROD® Extension Arms
rod-holder-accessories,294680068246,RAM® Fishing Rod Holder Accessories
spline-extensions,294680723606,RAM® Post/Spline Extension Arms
handi-case-accessories,294675054742,RAM® Handi-Case™ Accessories
c-size-ball-adapters,294670499990,"C Size 1.5"" Ball Adapters"
lower-poles,294676136086,RAM® Lower Poles
gds-view-vehicle-mounts,294674956438,GDS® View™ Vehicle Mounts
ram-no-drill-tele-pole-swing-arm,294678298774,Laptop Mount Tele-Pole & Swing Arms
laptop-mounts-tele-pole-swing-arm,294675873942,Laptop Mount Tele-Pole & Swing Arms
tele-pole-45,294681313430,"RAM® Tele-Pole™ Mounts with 5"" Lower and 4"" Upper Poles"
3-hole-large-mounts,294667845782,Mounts with 3-Hole Pattern (Large)
device-mounts-printer-mounts,294670991510,RAM® Printer Mounts
console-top-plates,294921142422,Console Top Plates
mic-clip-holders,294676267158,Microphone Clip Holders
console-accessories,294920978582,Console Accessories
console-leg-kits,294921109654,Console Leg Kits
c-size-fishfinder-adapters,294670631062,C Size 1.5' Ball Adapters for Fishfinders
tele-pole-129,294681280662,"RAM® Tele-Pole™ Mounts with 12"" Upper and 8"" Upper Poles"
console-boxes,294921011350,Console Boxes
rap-114-pu,294679445654,RAM® 5 Spot Mounting Post
laptop-mounts-accessories,294675808406,Laptop Mount Accessories
microphone,294676299926,RAM® Microphone with Steel Mounting Clip
mic-and-speaker,294676234390,RAM® Microphone & Speaker Accessories
gds-view-monitor,294674890902,GDS® View™ Monitor
tele-pole-swing-arms,294681411734,RAM® Swing Arm Components for Tele-Pole™
ram-tripod1,294679314582,RAM® Adjustable Tripod with Carrying Bag
hand-track-extensions,294675120278,RAM® Hand-Track™ Extensions
ram-tough-track-hand-track,294679117974,RAM® Tough-Track™ - Hand-Track™
hand-track,294675087510,RAM® Hand-Track™ Products
tough-case-small,294681673878,RAM® Tough-Case™ for Small Tablets
gds-technology-gds-audio,294674399382,GDS® Audio™
14-npsm,294667354262,"1/4"" NPSM Threaded Flexible Pipes"
12-npt-male,294667190422,"1/2"" NPT Male Threaded Components"
12-npt-male-post,294667288726,"1/2"" NPT Post Components"
12-npt-pipes,294667321494,"1/2"" NPT Pipes"
npt-pipes,294676693142,RAM® NPT Pipe Components
14-npt-pipes,294667452566,"1/4"" NPT Pipes"
speaker-accessories,294680658070,Speaker Accessories
ram-shock-75u,294678560918,RAM® Shock Buster™ Adapter with 75mm VESA Hole Pattern
gds-keyboard-keyboards,294673744022,GDS® Keyboard™
gds-keyboard,294673645718,GDS® Keyboard™ Products
otterbox-universe-tablet,294922158230,OtterBox uniVERSE Tablet Mounts
ram-kb1-bt,294678134934,RAM® Bluetooth Keyboard
1-npt-male,294667681942,"1"" NPT Male Threaded Components"
1-npt-male-post,294667714710,"1"" NPT Post Components"
ram-pa13124,294678331542,"RAM® 24"" Long 1"" NPT Male Threaded Pipe"
otterbox-defender-symmetry,294922092694,OtterBox Defender & Symmetry Holders
tough-case-holder-small,294681608342,RAM® Small Tough-Case™ Holders
ram-tab-tite-and-tab-lock-accessories,294678724758,RAM® Tab-Tite™ & Tab-Lock™ Accessories
riser-accessories,294679838870,RAM® Riser Accessories for Tab-Tite™ & Tab-Lock™
tough-case-holder-large,294681575574,RAM® Large Tough-Case™ Holders
gds-keyboard-holders,294673711254,GDS® Keyboard™ Holders
gds-keyboard-adapters,294673678486,GDS® Keyboard™ Holders and Ball Adapters
tab-tite-tab-lock-bodies,294681247894,RAM® Tab-Tite™ & Tab-Lock™ Body Components
ram-tab-tite-and-tab-lock-back-plates,294678757526,RAM® Tab-Tite™ & Tab-Lock™ Back Plates
roto-view,294680133782,RAM® Roto-View™ Adapter Plate
panasonic-handheld,294922223766,Panasonic Handheld Docks
kyocera-formfit-docks,294921830550,Kyocera Docks
gds-skin-ze16,303397470358,IntelliSkin® with GDS® for Zebra EC50 & EC55
gds-ergo-et4x,294673612950,GDS® Ergo™ Accessories for Zebra ET4x
gds-skin-sam84,305555898518,IntelliSkin® for Samsung XCover6 Pro
gds-skin-sam80,294674268310,IntelliSkin® Next Gen for Samsung Tab A7 Lite 8.7”
ram-hc1u,294678102166,RAM® Handi-Case™
gds-skin-ze20c,294674333846,"IntelliSkin® Next Gen for Zebra ET4x 8"" Tablet"
gds-skin-sam75,294674170006,IntelliSkin® Next Gen for Samsung Tab A7 10.4
gds-skin-ze21c,294674366614,"IntelliSkin® Next Gen for Zebra ET4x 10"" Tablet"
gds-skin-phone-typec,295722451094,IntelliSkin® for USB Type-C Phones
gds-skin-sam83,294674301078,"IntelliSkin® Next Gen for Samsung Tab A8 10.5"""
gds-skin-sam64,294674038934,IntelliSkin® Next Gen for Samsung Tab E 8.0
gds-skin-sam67,294674137238,IntelliSkin® Next Gen for Samsung Tab A 8.4
gds-skin-sam50,295723008150,IntelliSkin® for Samsung Tab S5e & Tab A 10.1 (2019)
gds-skin-sam65,294674071702,IntelliSkin® Next Gen for Samsung Tab A 10.1
gds-skin-phone-musb,295722352790,IntelliSkin® for mUSB Phones
gds-skin-sam63,294674006166,IntelliSkin® Next Gen for Samsung Tab A 8.0 (2018)
gds-skin-sam66,294674104470,IntelliSkin® Next Gen for Samsung Tab A 10.5
gds-skin-sam40,295722909846,IntelliSkin® for Samsung Tab A 8.0 (2018)
gds-skin-sam55,295723073686,IntelliSkin® Next Gen for Samsung Tab A 8.0 (2019)
gds-skin-sam27,295722811542,IntelliSkin® for Samsung Tab S3 9.7
gds-skin-sam43,295722975382,IntelliSkin® for Samsung Tab A 10.5
gds-skin-sam41,295722942614,IntelliSkin® for Samsung Tab S4 10.5
gds-skin-sam16,295722549398,IntelliSkin® for Samsung Tab A 8.0 (2015)
gds-skin-sam35,295722877078,IntelliSkin® for Samsung Tab A 8.0 (2017)
gds-skin-sam29,295722844310,IntelliSkin® for Samsung Tab Active2
gds-skin-ap36,294673875094,IntelliSkin® Next Gen for Apple iPad mini 6
gds-skin-sam23,295722746006,IntelliSkin® for Samsung Tab A 10.1
gds-skin-sam20,295722680470,IntelliSkin® for Samsung Tab E 9.6
gds-skin-ap24,295722123414,IntelliSkin® for Apple iPad Pro 12.9 3rd - 5th Gen
gds-skin-sam18,295722614934,IntelliSkin® for Samsung Tab S2 8.0
gds-technology-gds-module,294674595990,GDS® Module
gds-skin-sam12,295722483862,IntelliSkin® for Samsung Tab 4 8.0
gds-skin-lg2,295722254486,IntelliSkin® for LG G Pad F 8.0
gds-skin-sam21,295722713238,IntelliSkin® for Samsung Tab E 8.0
gds-skin-ap37,295149666454,IntelliSkin® Next Gen for Apple iPad Pro 12.9
gds-skin-sam15,295722516630,IntelliSkin® for Samsung Tab A 9.7
gds-skin-sam24,295722778774,IntelliSkin® for Samsung Tab A 7.0
gds-skin-sam19,295722647702,IntelliSkin® for Samsung Tab S2 9.7
gds-skin-ap23,295722057878,"IntelliSkin® for Apple iPad Pro 11"""
gds-skin-ap27,295722156182,IntelliSkin® for Apple iPad mini 4 & 5
gds-skin-ap16,295721992342,IntelliSkin® for Apple iPad Pro 10.5 & Air 3
gds-dock-phone-pd,295718158486,GDS® Phone Docks with Power Delivery
gds-dock-phone-type-c,294672367766,GDS® USB Type-C Phone Docks
gds-dock-sam78,294673383574,"GDS® Docks for Samsung Tab S9 FE+, S8+, S7+ & S7 FE 12.4"""
gds-dock-sam67,294673285270,GDS® Docks for Samsung Galaxy Tab A 8.4
gds-dock-sam66,294673252502,GDS® Docks for Samsung Tab A 10.5 (IntelliSkin® Next Gen)
gds-dock-sam83,294673449110,"GDS® Docks for Samsung Galaxy Tab A8 10.5"""
gds-dock-sam76,294673350806,"GDS® Docks for Samsung Tab S9 FE & S7 11"""
gds-dock-sam65,294673219734,GDS® Docks for Samsung Tab A 10.1 (IntelliSkin® Next Gen)
gds-dock-sam43,294672957590,GDS® Docks for Samsung Galaxy Tab A 10.5
gds-dock-sam64,294673186966,GDS® Docks for Samsung Tab E 8.0 (IntelliSkin® Next Gen)
gds-dock-sam49,294672990358,GDS® Docks for Samsung Galaxy Tab S5e & Tab A 10.1 (2019)
gds-dock-sam41,294672924822,"GDS® Docks for Samsung Galaxy Tab S4 10.5"""
gds-dock-ap8,294672236694,GDS® Docks for Apple iPad 5th & 6th Gen
gds-dock-ap24,294672072854,"GDS® Docks for Apple iPad Pro 12.9"" (Original IntelliSkin®)"
gds-dock-sam29,294672826518,GDS® Docks for Samsung Tab Active2 (Original IntelliSkin®)
gds-dock-ap23,294672040086,"GDS® Docks for Apple iPad Pro 11"" (Original IntelliSkin®)"
gds-dock-ap36,294672203926,GDS® Docks for Apple iPad mini 6
gds-dock-sam10,294672400534,GDS® Docks for Samsung Tab S 10.5
gds-dock-sam13,294672498838,GDS® Docks for Samsung Tab 4 10.1
gds-dock-lg2,294672302230,GDS® Docks for LG G Pad F 8.0
gds-dock-sam19,294672629910,GDS® Docks for Samsung Tab S2 9.7
gds-dock-ap27,294672105622,GDS® Docks for Apple iPad mini 4 & 5
gds-dock-sam20,294672662678,GDS® Docks for Samsung Tab E 9.6
gds-dock-ap2,294671974550,GDS® Docks for Apple iPad mini 2 & 3
gds-technology-gds-slide-dock,294674628758,GDS® Slide Dock™
gds-dock-ap16,294671909014,GDS® Docks for Apple iPad Pro 10.5 & iPad Air 3
gds-dock-sam23,294672728214,GDS® Docks for Samsung Tab A 10.1
gds-dock-sam18,294672597142,GDS® Docks for Samsung Tab S2 8.0
gds-dock-sam12,294672466070,GDS® Docks for Samsung Tab 4 8.0
gds-dock-sam9,294673481878,GDS® Docks for Samsung Galaxy Tab S 8.4
gds-dock-sam16,294672564374,GDS® Docks for Samsung Tab A 8.0 (2015)
gds-dock-sam11,294672433302,GDS® Docks for Samsung Tab 4 7.0
gds-dock-sam21,294672695446,GDS® Docks for Samsung Tab E 8.0
gds-dock-sam24,294672760982,GDS® Docks for Samsung Tab A 7.0
gds-dock-sam35,294672859286,GDS® Docks for Samsung Galaxy Tab A 8.0 (2017)
gds-dock-sam27,294672793750,GDS® Docks for Samsung Tab S3 9.7
gds-dock-ap37,295149633686,"GDS® Docks for Apple iPad Pro 12.9"" (IntelliSkin® Next Gen)"
gds-desktop-musb,294671810710,GDS® Desktop Docks with mUSB
gds-dock-phone-musb,295725334678,GDS® Phone Docks with mUSB
gds-desktop-pd,294671876246,GDS® Desktop Docks with Power Delivery
gds-sam21-chargers,295719469206,GDS® Chargers & Cables for Samsung Tab E 8.0
gds-sam20-chargers,295719370902,GDS® Chargers & Cables for Samsung Tab E 9.6
gds-ap16-chargers,295717306518,GDS® Chargers & Cables for iPad Pro 10.5 & Air 3
gds-sam23-chargers,295719567510,GDS® Chargers & Cables for Samsung Tab A 10.1
gds-sam15-chargers,295718912150,GDS® Chargers & Cables for Samsung Tab A 9.7
gds-sam27-chargers,295719796886,GDS® Chargers & Cables for Samsung Tab S3 9.7
gds-ap15-chargers,295717208214,GDS® Chargers & Cables for iPad 5th & 6th Gen
gds-sam24-chargers,295719698582,GDS® Chargers & Cables for Samsung Tab A 7.0
gds-sam35-chargers,295719993494,GDS® Chargers & Cables for Samsung Tab A 8.0 (2017)
gds-ap27-chargers,295717666966,GDS® Chargers & Cables for iPad mini 4 & 5
gds-sam12-chargers,295718813846,GDS® Chargers & Cables for Samsung Tab 4 8.0
gds-phone-musb-chargers,295718486166,GDS® Chargers & Cables for mUSB Phones
gds-sam19-chargers,295719272598,GDS® Chargers & Cables for Samsung Tab S2 9.7
gds-lg2-chargers,295718355094,GDS® Chargers & Cables for LG G Pad F 8.0
gds-sam18-chargers,295719174294,GDS® Chargers & Cables for Samsung Tab S2 8.0
gds-sam16-chargers,295719043222,GDS® Chargers & Cables for Samsung Tab A 8.0 (2015)
gds-phone-musb-accessories,295718420630,GDS® Ergo™ Accessories for mUSB Phones
ram-gds-dock-ad2u,294678069398,GDS® Desktop Stand for GDS® Snap-Con™ with Integrated USB 2.0 Cable
dc-chargers-19vdc,294670794902,DC Hardwire Chargers with 19VDC Output
type-a-chargers,294682034326,USB Type A Chargers
dc-chargers-5-9vdc,303762145430,DC Hardwire Chargers with 5-9VDC Output
ge3-chargers,303432827030,Hardwire Chargers for Getac ZX70
type-c-cables,294682099862,USB Type-C Cables
type-a-cables,294682001558,USB Type A Cables
console-faceplates,294921044118,Console Faceplates
100-vesa-ball-plates,294667026582,100x100mm VESA Ball Bases
ball-bases-e-size,294669451414,"Ball Bases - E Size 3.38"" Ball"
e-size,294671646870,"E Size 3.38"" Ball and Socket Components"
e-size-ball-bases,294671712406,"E Size 3.38"" Ball Bases"
e-size-double-socket-arms,294671745174,E Size Double Socket Arms
socket-arms-e-size,294680625302,E Size Double Socket Arms
jeep-track,294675447958,Jeep Track Mounting Base
ratchet-teeth-male,294679773334,RAM® Male Ratchet Adapter Components
1-npt-hole,294667616406,"1"" NPT Socket Components"
1-npt-female-hole,294667550870,"1"" NPT Female Components"
material-handling-swing-arm-components,294922027158,Material Handling Swing Arms
d-size-ball-bases,294671351958,"D Size 2.25"" Ball Bases"
ball-bases-d-size,294669418646,"Ball Bases - D Size 2.25"" Ball"
3-hole-small-bases,294667911318,Bases with 3-Hole Pattern (Small)
kyocera-desktop-dock,294675677334,Kyocera Desktop Dock
d-size-ball-adapters,294671319190,"D Size 2.25"" Ball Adapters"
material-handling-computer,294921961622,Vehicle Mount Computer Solutions
honeywell-vehicle-computer,294921568406,Honeywell Computer Mounts
ratchet-teeth-female,294679740566,RAM® Female Ratchet Adapter Components
d-size-double-socket-arms,294671384726,D Size Double Socket Arms
socket-arms-d-size,294680592534,D Size Double Socket Arms
d-size-ratchet-components,294671450262,D Size Ratchet Components
ram-cab-usb-amafu,294678003862,RAM® USB 2.0 Type-A Male to Type-A Female Extension Cable
vibe-safe-mounts,302995472534,Mounts for RAM® Vibe-Safe™
motorcycle-077,303282258070,RAM® Mounts for Honda Elite NHX110
large-torque-bases,294676005014,RAM® Torque™ Large Bases
airplane-components,294668501142,RAM® Components for Aviation
helicopter-components,294675185814,Helicopter Mounting Components
corporate-jet-components,294670336150,Corporate Jet Mounting Components
ram-b-309-3u,294677938326,RAM® Add-A-Ball™ Accessory for Motorcycle Brake/Clutch Reservoir Base
tripod-accessories,294681968790,RAM® Tripod Ball Mounting Components
14-npt-female,294667419798,"1/4"" NPT Female Threaded Components"
ram-b-309-5u,294677971094,"RAM® Ball Base for Rails up to 1/2"" Diameter"
ram-b-273u,294677905558,RAM® Add-A-Ball™ Accessory Ball for B Size Socket Arms
helicopter-tablet-mounts,294675251350,Helicopter Tablet Mounts
commercial-airline,294670205078,Commercial Airline Tablet Mounts
under-cabinet-tablet-mounts,294682362006,Under Cabinet Tablet Mounts
12-npt-female-hole,294667124886,"1/2"" NPT Female Components"
b-size-arms-with-diamond-plate,294669680790,B Size Socket Arms with Diamond Plate
laptop-tray-accessories,294675939478,RAM® Laptop Tray Accessories
laptop-accessories,294675775638,Laptop Mount Accessories
a-size-ball-components,294668861590,A Size Ball Components
a-size,294668796054,"A Size 9/16"" Ball and Socket Components"
ball-bases-a-size,294669320342,"Ball Bases - A Size 9/16"" Ball"
socket-arms-a-size,294680461462,A Size Double Socket Arms
a-size-arms,294668828822,A Size Socket Arms
blogging-dslr-camera,294669516950,Blogging DSLR Camera Mounts
ram-376-tal2bb,294677872790,RAM® Tallon Quick Release Female Base
ram-pod-hd,294678397078,RAM® Pod HD™ Products
ram-343-pu,294677840022,RAM® Steel Adhesive Plate Adapter for Magnetic Mounts
12-npt-hole,294667157654,"1/2"" NPT Socket Components"
ram-247b-har-ids1u,294677807254,RAM® Hardware Pack for IDS Systems
panasonic-laptop,294922256534,Panasonic Laptop Docks
laptop-mounts-trays-and-docks,294675906710,Laptop Mount Trays & Docks
12-npt-female,294667092118,"1/2"" NPT Female Threaded Components"
ram-200-1ofu,294677774486,RAM® Single Socket Arm with Octagon Adapter
ram-114rmu,294677741718,RAM ROD® Rail Mount Adapter
bulkhead-post-spline-bases,294670041238,RAM® Bulkhead Post/Spline Bases
pedestal-swing-arm,294676856982,RAM® Pedestal Swing Arms
c-size-arms-with-round-plate,294670467222,C Size Socket Arms with Round Plate
c-size-arms-with-diamond-plate,294670434454,C Size Socket Arms with Diamond Plate
ram-102au,294677610646,"RAM® Rubber Adhesive Strip 7.5"" X 2"""
